date,ticker,open,high,low,close,volume,adjclose
2020-09-16,AAPL,115.2300033569336,116.0,112.04000091552734,112.12999725341797,154679000.0,111.41340637207031
2020-09-17,AAPL,109.72000122070312,112.19999694824219,108.70999908447266,110.33999633789062,178011000.0,109.63484954833984
2020-09-18,AAPL,110.4000015258789,110.87999725341797,106.08999633789062,106.83999633789062,287104900.0,106.15721130371094
2020-09-21,AAPL,104.54000091552734,110.19000244140625,103.0999984741211,110.08000183105469,195713800.0,109.37651062011719
2020-09-22,AAPL,112.68000030517578,112.86000061035156,109.16000366210938,111.80999755859375,183055400.0,111.09544372558594
2020-09-23,AAPL,111.62000274658203,112.11000061035156,106.7699966430664,107.12000274658203,150718700.0,106.43543243408203
2020-09-24,AAPL,105.16999816894531,110.25,105.0,108.22000122070312,167743300.0,107.52840423583984
2020-09-25,AAPL,108.43000030517578,112.44000244140625,107.66999816894531,112.27999877929688,149981400.0,111.56243896484375
2020-09-28,AAPL,115.01000213623047,115.31999969482422,112.77999877929688,114.95999908447266,137672400.0,114.22531127929688
2020-09-29,AAPL,114.55000305175781,115.30999755859375,113.56999969482422,114.08999633789062,99382200.0,113.36087799072266
2020-09-30,AAPL,113.79000091552734,117.26000213623047,113.62000274658203,115.80999755859375,142675200.0,115.06989288330078
2020-10-01,AAPL,117.63999938964844,117.72000122070312,115.83000183105469,116.79000091552734,116120400.0,116.04362487792969
2020-10-02,AAPL,112.88999938964844,115.37000274658203,112.22000122070312,113.0199966430664,144712000.0,112.29772186279297
2020-10-05,AAPL,113.91000366210938,116.6500015258789,113.55000305175781,116.5,106243800.0,115.75547790527344
2020-10-06,AAPL,115.69999694824219,116.12000274658203,112.25,113.16000366210938,161498200.0,112.43682861328125
2020-10-07,AAPL,114.62000274658203,115.55000305175781,114.12999725341797,115.08000183105469,96849000.0,114.34455871582031
2020-10-08,AAPL,116.25,116.4000015258789,114.58999633789062,114.97000122070312,83477200.0,114.23526000976562
2020-10-09,AAPL,115.27999877929688,117.0,114.91999816894531,116.97000122070312,100506900.0,116.22247314453125
2020-10-12,AAPL,120.05999755859375,125.18000030517578,119.27999877929688,124.4000015258789,240226800.0,123.60499572753906
2020-10-13,AAPL,125.2699966430664,125.38999938964844,119.6500015258789,121.0999984741211,262330500.0,120.3260726928711
2020-10-14,AAPL,121.0,123.02999877929688,119.62000274658203,121.19000244140625,150712000.0,120.41551208496094
2020-10-15,AAPL,118.72000122070312,121.19999694824219,118.1500015258789,120.70999908447266,112559200.0,119.93856811523438
2020-10-16,AAPL,121.27999877929688,121.55000305175781,118.80999755859375,119.0199966430664,115393800.0,118.25936889648438
2020-10-19,AAPL,119.95999908447266,120.41999816894531,115.66000366210938,115.9800033569336,120639300.0,115.23880004882812
2020-10-20,AAPL,116.19999694824219,118.9800033569336,115.62999725341797,117.51000213623047,124423700.0,116.759033203125
2020-10-21,AAPL,116.66999816894531,118.70999908447266,116.44999694824219,116.87000274658203,89946000.0,116.12312316894531
2020-10-22,AAPL,117.44999694824219,118.04000091552734,114.58999633789062,115.75,101988000.0,115.01026916503906
2020-10-23,AAPL,116.38999938964844,116.55000305175781,114.27999877929688,115.04000091552734,82572600.0,114.30481719970703
2020-10-26,AAPL,114.01000213623047,116.55000305175781,112.87999725341797,115.05000305175781,111850700.0,114.31475067138672
2020-10-27,AAPL,115.48999786376953,117.27999877929688,114.54000091552734,116.5999984741211,92276800.0,115.85484313964844
2020-10-28,AAPL,115.05000305175781,115.43000030517578,111.0999984741211,111.19999694824219,143937800.0,110.48934936523438
2020-10-29,AAPL,112.37000274658203,116.93000030517578,112.19999694824219,115.31999969482422,146129200.0,114.58302307128906
2020-10-30,AAPL,111.05999755859375,111.98999786376953,107.72000122070312,108.86000061035156,190272600.0,108.164306640625
2020-11-02,AAPL,109.11000061035156,110.68000030517578,107.31999969482422,108.7699966430664,122866900.0,108.07488250732422
2020-11-03,AAPL,109.66000366210938,111.48999786376953,108.7300033569336,110.44000244140625,107624400.0,109.73420715332031
2020-11-04,AAPL,114.13999938964844,115.58999633789062,112.3499984741211,114.94999694824219,138235500.0,114.21538543701172
2020-11-05,AAPL,117.94999694824219,119.62000274658203,116.87000274658203,119.02999877929688,126387100.0,118.2693099975586
2020-11-06,AAPL,,,,,,
2020-11-06,AAPL,118.31999969482422,119.19999694824219,116.12999725341797,118.69000244140625,114457900.0,118.13495635986328
2020-11-09,AAPL,120.5,121.98999786376953,116.05000305175781,116.31999969482422,154515300.0,115.77603149414062
2020-11-10,AAPL,115.55000305175781,117.58999633789062,114.12999725341797,115.97000122070312,138023400.0,115.42766571044922
2020-11-11,AAPL,117.19000244140625,119.62999725341797,116.44000244140625,119.48999786376953,112295000.0,118.93119812011719
2020-11-12,AAPL,119.62000274658203,120.52999877929688,118.56999969482422,119.20999908447266,103162300.0,118.65251159667969
2020-11-13,AAPL,119.44000244140625,119.66999816894531,117.87000274658203,119.26000213623047,81581900.0,118.70227813720703
2020-11-16,AAPL,118.91999816894531,120.98999786376953,118.1500015258789,120.30000305175781,91183000.0,119.73741912841797
2020-11-17,AAPL,119.55000305175781,120.66999816894531,118.95999908447266,119.38999938964844,74271000.0,118.83167266845703
2020-11-18,AAPL,118.61000061035156,119.81999969482422,118.0,118.02999877929688,76322100.0,117.47803497314453
2020-11-19,AAPL,117.58999633789062,119.05999755859375,116.80999755859375,118.63999938964844,74113000.0,118.0851821899414
2020-11-20,AAPL,118.63999938964844,118.7699966430664,117.29000091552734,117.33999633789062,73604300.0,116.791259765625
2020-11-23,AAPL,117.18000030517578,117.62000274658203,113.75,113.8499984741211,127959300.0,113.31758117675781
2020-11-24,AAPL,113.91000366210938,115.8499984741211,112.58999633789062,115.16999816894531,113874200.0,114.63140869140625
2020-11-25,AAPL,115.55000305175781,116.75,115.16999816894531,116.02999877929688,76499200.0,115.48738861083984
2020-11-27,AAPL,116.56999969482422,117.48999786376953,116.22000122070312,116.58999633789062,46691300.0,116.04476165771484
2020-11-30,AAPL,116.97000122070312,120.97000122070312,116.80999755859375,119.05000305175781,169410200.0,118.4932632446289
2020-12-01,AAPL,121.01000213623047,123.47000122070312,120.01000213623047,122.72000122070312,127728200.0,122.14610290527344
2020-12-02,AAPL,122.0199966430664,123.37000274658203,120.88999938964844,123.08000183105469,89004200.0,122.5044174194336
2020-12-03,AAPL,123.5199966430664,123.77999877929688,122.20999908447266,122.94000244140625,78967600.0,122.36507415771484
2020-12-04,AAPL,122.5999984741211,122.86000061035156,121.5199966430664,122.25,78260400.0,121.67830657958984
2020-12-07,AAPL,122.30999755859375,124.56999969482422,122.25,123.75,86712000.0,123.1712875366211
2020-12-08,AAPL,124.37000274658203,124.9800033569336,123.08999633789062,124.37999725341797,82225500.0,123.79833984375
2020-12-09,AAPL,124.52999877929688,125.94999694824219,121.0,121.77999877929688,115089200.0,121.21049499511719
2020-12-10,AAPL,120.5,123.87000274658203,120.1500015258789,123.23999786376953,81312200.0,122.66366577148438
2020-12-11,AAPL,122.43000030517578,122.76000213623047,120.55000305175781,122.41000366210938,86939800.0,121.83755493164062
2020-12-14,AAPL,122.5999984741211,123.3499984741211,121.54000091552734,121.77999877929688,79184500.0,121.21049499511719
2020-12-15,AAPL,124.33999633789062,127.9000015258789,124.12999725341797,127.87999725341797,157243700.0,127.2819595336914
2020-12-16,AAPL,127.41000366210938,128.3699951171875,126.55999755859375,127.80999755859375,98208600.0,127.21229553222656
2020-12-17,AAPL,128.89999389648438,129.5800018310547,128.0399932861328,128.6999969482422,94359800.0,128.09812927246094
2020-12-18,AAPL,128.9600067138672,129.10000610351562,126.12000274658203,126.66000366210938,192541500.0,126.06768035888672
2020-12-21,AAPL,125.0199966430664,128.30999755859375,123.44999694824219,128.22999572753906,121251600.0,127.63032531738281
2020-12-22,AAPL,131.61000061035156,134.41000366210938,129.64999389648438,131.8800048828125,168904800.0,131.2632598876953
2020-12-23,AAPL,132.16000366210938,132.42999267578125,130.77999877929688,130.9600067138672,88223700.0,130.34756469726562
2020-12-24,AAPL,131.32000732421875,133.4600067138672,131.10000610351562,131.97000122070312,54930100.0,131.3528289794922
2020-12-28,AAPL,133.99000549316406,137.33999633789062,133.50999450683594,136.69000244140625,124486200.0,136.05076599121094
2020-12-29,AAPL,138.0500030517578,138.7899932861328,134.33999633789062,134.8699951171875,121047300.0,134.23927307128906
2020-12-30,AAPL,135.5800018310547,135.99000549316406,133.39999389648438,133.72000122070312,96452100.0,133.0946502685547
2020-12-31,AAPL,134.0800018310547,134.74000549316406,131.72000122070312,132.69000244140625,99116600.0,132.06947326660156
2021-01-04,AAPL,133.52000427246094,133.61000061035156,126.76000213623047,129.41000366210938,143301900.0,128.80482482910156
2021-01-05,AAPL,128.88999938964844,131.74000549316406,128.42999267578125,131.00999450683594,97664900.0,130.39732360839844
2021-01-06,AAPL,127.72000122070312,131.0500030517578,126.37999725341797,126.5999984741211,155088000.0,126.0079574584961
2021-01-07,AAPL,128.36000061035156,131.6300048828125,127.86000061035156,130.9199981689453,109578200.0,130.30775451660156
2021-01-08,AAPL,132.42999267578125,132.6300048828125,130.22999572753906,132.0500030517578,105158200.0,131.43246459960938
2021-01-11,AAPL,129.19000244140625,130.1699981689453,128.5,128.97999572753906,100384500.0,128.3768310546875
2021-01-12,AAPL,128.5,129.69000244140625,126.86000061035156,128.8000030517578,91951100.0,128.19766235351562
2021-01-13,AAPL,128.75999450683594,131.4499969482422,128.49000549316406,130.88999938964844,88636800.0,130.27789306640625
2021-01-14,AAPL,130.8000030517578,131.0,128.75999450683594,128.91000366210938,90221800.0,128.3071746826172
2021-01-15,AAPL,128.77999877929688,130.22000122070312,127.0,127.13999938964844,111598500.0,126.54542541503906
2021-01-19,AAPL,127.77999877929688,128.7100067138672,126.94000244140625,127.83000183105469,90757300.0,127.2322006225586
2021-01-20,AAPL,128.66000366210938,132.49000549316406,128.5500030517578,132.02999877929688,104319500.0,131.41256713867188
2021-01-21,AAPL,133.8000030517578,139.6699981689453,133.58999633789062,136.8699951171875,120150900.0,136.22991943359375
2021-01-22,AAPL,136.27999877929688,139.85000610351562,135.02000427246094,139.07000732421875,114459400.0,138.41964721679688
2021-01-25,AAPL,143.07000732421875,145.08999633789062,136.5399932861328,142.9199981689453,157611700.0,142.2516326904297
2021-01-26,AAPL,143.60000610351562,144.3000030517578,141.3699951171875,143.16000366210938,98390600.0,142.4905242919922
2021-01-27,AAPL,143.42999267578125,144.3000030517578,140.41000366210938,142.05999755859375,140843800.0,141.39566040039062
2021-01-28,AAPL,139.52000427246094,141.99000549316406,136.6999969482422,137.08999633789062,142621100.0,136.4488983154297
2021-01-29,AAPL,135.8300018310547,136.74000549316406,130.2100067138672,131.9600067138672,177523800.0,131.34288024902344
2021-02-01,AAPL,133.75,135.3800048828125,130.92999267578125,134.13999938964844,106239800.0,133.51268005371094
2021-02-02,AAPL,135.72999572753906,136.30999755859375,134.61000061035156,134.99000549316406,83305400.0,134.3587188720703
2021-02-03,AAPL,135.75999450683594,135.77000427246094,133.61000061035156,133.94000244140625,89880900.0,133.3136444091797
2021-02-04,AAPL,136.3000030517578,137.39999389648438,134.58999633789062,137.38999938964844,84183100.0,136.74749755859375
2021-02-05,AAPL,,,,,,
2021-02-05,AAPL,137.35000610351562,137.4199981689453,135.86000061035156,136.75999450683594,75693800.0,136.32383728027344
2021-02-08,AAPL,136.02999877929688,136.9600067138672,134.9199981689453,136.91000366210938,71297200.0,136.47337341308594
2021-02-09,AAPL,136.6199951171875,137.8800048828125,135.85000610351562,136.00999450683594,76774200.0,135.57623291015625
2021-02-10,AAPL,136.47999572753906,136.99000549316406,134.39999389648438,135.38999938964844,73046600.0,134.9582061767578
2021-02-11,AAPL,135.89999389648438,136.38999938964844,133.77000427246094,135.1300048828125,64280000.0,134.6990509033203
2021-02-12,AAPL,134.35000610351562,135.52999877929688,133.69000244140625,135.3699951171875,60145100.0,134.93826293945312
2021-02-16,AAPL,135.49000549316406,136.00999450683594,132.7899932861328,133.19000244140625,80576300.0,132.76524353027344
2021-02-17,AAPL,131.25,132.22000122070312,129.47000122070312,130.83999633789062,97918500.0,130.4227294921875
2021-02-18,AAPL,129.1999969482422,130.0,127.41000366210938,129.7100067138672,96856700.0,129.29632568359375
2021-02-19,AAPL,130.24000549316406,130.7100067138672,128.8000030517578,129.8699951171875,87668800.0,129.45582580566406
2021-02-22,AAPL,128.00999450683594,129.72000122070312,125.5999984741211,126.0,103916400.0,125.5981674194336
2021-02-23,AAPL,123.76000213623047,126.70999908447266,118.38999938964844,125.86000061035156,158273000.0,125.45861053466797
2021-02-24,AAPL,124.94000244140625,125.55999755859375,122.2300033569336,125.3499984741211,111039900.0,124.95023345947266
2021-02-25,AAPL,124.68000030517578,126.45999908447266,120.54000091552734,120.98999786376953,148199500.0,120.60414123535156
2021-02-26,AAPL,122.58999633789062,124.8499984741211,121.19999694824219,121.26000213623047,164560400.0,120.87328338623047
2021-03-01,AAPL,123.75,127.93000030517578,122.79000091552734,127.79000091552734,116307900.0,127.38246154785156
2021-03-02,AAPL,128.41000366210938,128.72000122070312,125.01000213623047,125.12000274658203,102260900.0,124.7209701538086
2021-03-03,AAPL,124.80999755859375,125.70999908447266,121.83999633789062,122.05999755859375,112966300.0,121.67072296142578
2021-03-04,AAPL,121.75,123.5999984741211,118.62000274658203,120.12999725341797,178155000.0,119.74687957763672
2021-03-05,AAPL,120.9800033569336,121.94000244140625,117.56999969482422,121.41999816894531,153766600.0,121.03276824951172
2021-03-08,AAPL,120.93000030517578,121.0,116.20999908447266,116.36000061035156,154376600.0,115.98890686035156
2021-03-09,AAPL,119.02999877929688,122.05999755859375,118.79000091552734,121.08999633789062,129525800.0,120.70381927490234
2021-03-10,AAPL,121.69000244140625,122.16999816894531,119.44999694824219,119.9800033569336,111943300.0,119.59737396240234
2021-03-11,AAPL,122.54000091552734,123.20999908447266,121.26000213623047,121.95999908447266,103026500.0,121.571044921875
2021-03-12,AAPL,120.4000015258789,121.16999816894531,119.16000366210938,121.02999877929688,88105100.0,120.64401245117188
2021-03-15,AAPL,121.41000366210938,124.0,120.41999816894531,123.98999786376953,92403800.0,123.59457397460938
2021-03-16,AAPL,125.69999694824219,127.22000122070312,124.72000122070312,125.56999969482422,115227900.0,125.1695327758789
2021-03-17,AAPL,124.05000305175781,125.86000061035156,122.33999633789062,124.76000213623047,111932600.0,124.36212158203125
2021-03-18,AAPL,122.87999725341797,123.18000030517578,120.31999969482422,120.52999877929688,121229700.0,120.1456069946289
2021-03-19,AAPL,119.9000015258789,121.43000030517578,119.68000030517578,119.98999786376953,185549500.0,119.60733032226562
2021-03-22,AAPL,120.33000183105469,123.87000274658203,120.26000213623047,123.38999938964844,111912300.0,122.99649047851562
2021-03-23,AAPL,123.33000183105469,124.23999786376953,122.13999938964844,122.54000091552734,95467100.0,122.14920043945312
2021-03-24,AAPL,122.81999969482422,122.9000015258789,120.06999969482422,120.08999633789062,88530500.0,119.7070083618164
2021-03-25,AAPL,119.54000091552734,121.66000366210938,119.0,120.58999633789062,98844700.0,120.20541381835938
2021-03-26,AAPL,120.3499984741211,121.4800033569336,118.91999816894531,121.20999908447266,94071200.0,120.82344055175781
2021-03-29,AAPL,121.6500015258789,122.58000183105469,120.7300033569336,121.38999938964844,80819200.0,121.00286102294922
2021-03-30,AAPL,120.11000061035156,120.4000015258789,118.86000061035156,119.9000015258789,85671900.0,119.51761627197266
2021-03-31,AAPL,121.6500015258789,123.5199966430664,121.1500015258789,122.1500015258789,118323800.0,121.76044464111328
2021-04-01,AAPL,123.66000366210938,124.18000030517578,122.48999786376953,123.0,75089100.0,122.60772705078125
2021-04-05,AAPL,123.87000274658203,126.16000366210938,123.06999969482422,125.9000015258789,88651200.0,125.49848937988281
2021-04-06,AAPL,126.5,127.12999725341797,125.6500015258789,126.20999908447266,80171300.0,125.8074951171875
2021-04-07,AAPL,125.83000183105469,127.91999816894531,125.13999938964844,127.9000015258789,83466700.0,127.49210357666016
2021-04-08,AAPL,128.9499969482422,130.38999938964844,128.52000427246094,130.36000061035156,88844600.0,129.9442596435547
2021-04-09,AAPL,129.8000030517578,133.0399932861328,129.47000122070312,133.0,106686700.0,132.57583618164062
2021-04-12,AAPL,132.52000427246094,132.85000610351562,130.6300048828125,131.24000549316406,91420000.0,130.8214569091797
2021-04-13,AAPL,132.44000244140625,134.66000366210938,131.92999267578125,134.42999267578125,91266500.0,134.0012664794922
2021-04-14,AAPL,134.94000244140625,135.0,131.66000366210938,132.02999877929688,87222800.0,131.6089324951172
2021-04-15,AAPL,133.82000732421875,135.0,133.63999938964844,134.5,89347100.0,134.07106018066406
2021-04-16,AAPL,134.3000030517578,134.6699981689453,133.27999877929688,134.16000366210938,84922400.0,133.73214721679688
2021-04-19,AAPL,133.50999450683594,135.47000122070312,133.33999633789062,134.83999633789062,94264200.0,134.4099578857422
2021-04-20,AAPL,135.02000427246094,135.52999877929688,131.80999755859375,133.11000061035156,94812300.0,132.6855010986328
2021-04-21,AAPL,132.36000061035156,133.75,131.3000030517578,133.5,68847100.0,133.07423400878906
2021-04-22,AAPL,133.0399932861328,134.14999389648438,131.41000366210938,131.94000244140625,84566500.0,131.51922607421875
2021-04-23,AAPL,132.16000366210938,135.1199951171875,132.16000366210938,134.32000732421875,78657500.0,133.89163208007812
2021-04-26,AAPL,134.8300018310547,135.05999755859375,133.55999755859375,134.72000122070312,66905100.0,134.2903594970703
2021-04-27,AAPL,135.00999450683594,135.41000366210938,134.11000061035156,134.38999938964844,66015800.0,133.96139526367188
2021-04-28,AAPL,134.30999755859375,135.02000427246094,133.0800018310547,133.5800018310547,107760100.0,133.15399169921875
2021-04-29,AAPL,136.47000122070312,137.07000732421875,132.4499969482422,133.47999572753906,151101000.0,133.05430603027344
2021-04-30,AAPL,131.77999877929688,133.55999755859375,131.07000732421875,131.4600067138672,109839500.0,131.04075622558594
2021-05-03,AAPL,132.0399932861328,134.07000732421875,131.8300018310547,132.5399932861328,75135100.0,132.11729431152344
2021-05-04,AAPL,131.19000244140625,131.49000549316406,126.69999694824219,127.8499984741211,137564700.0,127.4422607421875
2021-05-05,AAPL,129.1999969482422,130.4499969482422,127.97000122070312,128.10000610351562,84000900.0,127.69147491455078
2021-05-06,AAPL,127.88999938964844,129.75,127.12999725341797,129.74000549316406,78128300.0,129.32623291015625
2021-05-07,AAPL,,,,,,
2021-05-07,AAPL,130.85000610351562,131.25999450683594,129.47999572753906,130.2100067138672,78973300.0,130.0152130126953
2021-05-10,AAPL,129.41000366210938,129.5399932861328,126.80999755859375,126.8499984741211,88071200.0,126.66022491455078
2021-05-11,AAPL,123.5,126.2699966430664,122.7699966430664,125.91000366210938,126142800.0,125.72164154052734
2021-05-12,AAPL,123.4000015258789,124.63999938964844,122.25,122.7699966430664,112172300.0,122.58633422851562
2021-05-13,AAPL,124.58000183105469,126.1500015258789,124.26000213623047,124.97000122070312,105861300.0,124.78304290771484
2021-05-14,AAPL,126.25,127.88999938964844,125.8499984741211,127.44999694824219,81918000.0,127.25933074951172
2021-05-17,AAPL,126.81999969482422,126.93000030517578,125.16999816894531,126.2699966430664,74244600.0,126.08109283447266
2021-05-18,AAPL,126.55999755859375,126.98999786376953,124.77999877929688,124.8499984741211,63342900.0,124.66322326660156
2021-05-19,AAPL,123.16000366210938,124.91999816894531,122.86000061035156,124.69000244140625,92612000.0,124.50346374511719
2021-05-20,AAPL,125.2300033569336,127.72000122070312,125.0999984741211,127.30999755859375,76857100.0,127.11953735351562
2021-05-21,AAPL,127.81999969482422,128.0,125.20999908447266,125.43000030517578,79295400.0,125.24235534667969
2021-05-24,AAPL,126.01000213623047,127.94000244140625,125.94000244140625,127.0999984741211,63092900.0,126.90985107421875
2021-05-25,AAPL,127.81999969482422,128.32000732421875,126.31999969482422,126.9000015258789,72009500.0,126.71015930175781
2021-05-26,AAPL,126.95999908447266,127.38999938964844,126.41999816894531,126.8499984741211,56575900.0,126.66022491455078
2021-05-27,AAPL,126.44000244140625,127.63999938964844,125.08000183105469,125.27999877929688,94625600.0,125.09257507324219
2021-05-28,AAPL,125.56999969482422,125.80000305175781,124.55000305175781,124.61000061035156,71311100.0,124.423583984375
2021-06-01,AAPL,125.08000183105469,125.3499984741211,123.94000244140625,124.27999877929688,67637100.0,124.09407043457031
2021-06-02,AAPL,124.27999877929688,125.23999786376953,124.05000305175781,125.05999755859375,59278900.0,124.8729019165039
2021-06-03,AAPL,124.68000030517578,124.8499984741211,123.12999725341797,123.54000091552734,76229200.0,123.35518646240234
2021-06-04,AAPL,124.06999969482422,126.16000366210938,123.8499984741211,125.88999938964844,75169300.0,125.70166778564453
2021-06-07,AAPL,126.16999816894531,126.31999969482422,124.83000183105469,125.9000015258789,71057600.0,125.71165466308594
2021-06-08,AAPL,126.5999984741211,128.4600067138672,126.20999908447266,126.73999786376953,74403800.0,126.5503921508789
2021-06-09,AAPL,127.20999908447266,127.75,126.5199966430664,127.12999725341797,56877900.0,126.93981170654297
2021-06-10,AAPL,127.0199966430664,128.19000244140625,125.94000244140625,126.11000061035156,71186400.0,125.92134094238281
2021-06-11,AAPL,126.52999877929688,127.44000244140625,126.0999984741211,127.3499984741211,53522400.0,127.15947723388672
2021-06-14,AAPL,127.81999969482422,130.5399932861328,127.06999969482422,130.47999572753906,96906500.0,130.2847900390625
2021-06-15,AAPL,129.94000244140625,130.60000610351562,129.38999938964844,129.63999938964844,62746300.0,129.44606018066406
2021-06-16,AAPL,130.3699951171875,130.88999938964844,128.4600067138672,130.14999389648438,91815000.0,129.95529174804688
2021-06-17,AAPL,129.8000030517578,132.5500030517578,129.64999389648438,131.7899932861328,96721700.0,131.59283447265625
2021-06-18,AAPL,130.7100067138672,131.50999450683594,130.24000549316406,130.4600067138672,108953300.0,130.26483154296875
2021-06-21,AAPL,130.3000030517578,132.41000366210938,129.2100067138672,132.3000030517578,79663300.0,132.10208129882812
2021-06-22,AAPL,132.1300048828125,134.0800018310547,131.6199951171875,133.97999572753906,74783600.0,133.77955627441406
2021-06-23,AAPL,133.77000427246094,134.32000732421875,133.22999572753906,133.6999969482422,60214200.0,133.49998474121094
2021-06-24,AAPL,134.4499969482422,134.63999938964844,132.92999267578125,133.41000366210938,68711000.0,133.21041870117188
2021-06-25,AAPL,133.4600067138672,133.88999938964844,132.80999755859375,133.11000061035156,70783700.0,132.91087341308594
2021-06-28,AAPL,133.41000366210938,135.25,133.35000610351562,134.77999877929688,62111300.0,134.578369140625
2021-06-29,AAPL,134.8000030517578,136.49000549316406,134.35000610351562,136.3300018310547,64556100.0,136.1260528564453
2021-06-30,AAPL,136.1699981689453,137.41000366210938,135.8699951171875,136.9600067138672,63261400.0,136.75511169433594
2021-07-01,AAPL,136.60000610351562,137.3300018310547,135.75999450683594,137.27000427246094,52485800.0,137.0646514892578
2021-07-02,AAPL,137.89999389648438,140.0,137.75,139.9600067138672,78852600.0,139.75062561035156
2021-07-06,AAPL,140.07000732421875,143.14999389648438,140.07000732421875,142.02000427246094,108181800.0,141.8075408935547
2021-07-07,AAPL,143.5399932861328,144.88999938964844,142.66000366210938,144.57000732421875,104911600.0,144.35372924804688
2021-07-08,AAPL,141.5800018310547,144.05999755859375,140.6699981689453,143.24000549316406,105575500.0,143.0257110595703
2021-07-09,AAPL,142.75,145.64999389648438,142.64999389648438,145.11000061035156,99890800.0,144.89291381835938
2021-07-12,AAPL,146.2100067138672,146.32000732421875,144.0,144.5,76299700.0,144.28382873535156
2021-07-13,AAPL,144.02999877929688,147.4600067138672,143.6300048828125,145.63999938964844,100827100.0,145.422119140625
2021-07-14,AAPL,148.10000610351562,149.57000732421875,147.67999267578125,149.14999389648438,127050800.0,148.92686462402344
2021-07-15,AAPL,149.24000549316406,150.0,147.08999633789062,148.47999572753906,106820300.0,148.25787353515625
2021-07-16,AAPL,148.4600067138672,149.75999450683594,145.8800048828125,146.38999938964844,93251400.0,146.17098999023438
2021-07-19,AAPL,143.75,144.07000732421875,141.6699981689453,142.4499969482422,121434600.0,142.2368927001953
2021-07-20,AAPL,143.4600067138672,147.10000610351562,142.9600067138672,146.14999389648438,96350000.0,145.9313507080078
2021-07-21,AAPL,145.52999877929688,146.1300048828125,144.6300048828125,145.39999389648438,74993500.0,145.18247985839844
2021-07-22,AAPL,145.94000244140625,148.1999969482422,145.80999755859375,146.8000030517578,77338200.0,146.58038330078125
2021-07-23,AAPL,147.5500030517578,148.72000122070312,146.9199981689453,148.55999755859375,71447400.0,148.33775329589844
2021-07-26,AAPL,148.27000427246094,149.8300018310547,147.6999969482422,148.99000549316406,72434100.0,148.76712036132812
2021-07-27,AAPL,149.1199951171875,149.2100067138672,145.5500030517578,146.77000427246094,104818600.0,146.55043029785156
2021-07-28,AAPL,144.80999755859375,146.97000122070312,142.5399932861328,144.97999572753906,118931200.0,144.7631072998047
2021-07-29,AAPL,144.69000244140625,146.5500030517578,144.5800018310547,145.63999938964844,56699500.0,145.422119140625
2021-07-30,AAPL,144.3800048828125,146.3300018310547,144.11000061035156,145.86000061035156,70382000.0,145.64178466796875
2021-08-02,AAPL,146.36000061035156,146.9499969482422,145.25,145.52000427246094,62880000.0,145.30230712890625
2021-08-03,AAPL,145.80999755859375,148.0399932861328,145.17999267578125,147.36000061035156,64786600.0,147.13954162597656
2021-08-04,AAPL,147.27000427246094,147.7899932861328,146.27999877929688,146.9499969482422,56368300.0,146.73016357421875
2021-08-05,AAPL,146.97999572753906,147.83999633789062,146.1699981689453,147.05999755859375,46397700.0,146.83999633789062
2021-08-06,AAPL,,,,,,
2021-08-06,AAPL,146.35000610351562,147.11000061035156,145.6300048828125,146.13999938964844,54067400.0,146.13999938964844
2021-08-09,AAPL,146.1999969482422,146.6999969482422,145.52000427246094,146.08999633789062,48908700.0,146.08999633789062
2021-08-10,AAPL,146.44000244140625,147.7100067138672,145.3000030517578,145.60000610351562,69023100.0,145.60000610351562
2021-08-11,AAPL,146.0500030517578,146.72000122070312,145.52999877929688,145.86000061035156,48493500.0,145.86000061035156
2021-08-12,AAPL,146.19000244140625,149.0500030517578,145.83999633789062,148.88999938964844,72282600.0,148.88999938964844
2021-08-13,AAPL,148.97000122070312,149.44000244140625,148.27000427246094,149.10000610351562,59318800.0,149.10000610351562
2021-08-16,AAPL,148.5399932861328,151.19000244140625,146.47000122070312,151.1199951171875,103296000.0,151.1199951171875
2021-08-17,AAPL,150.22999572753906,151.67999267578125,149.08999633789062,150.19000244140625,92229700.0,150.19000244140625
2021-08-18,AAPL,149.8000030517578,150.72000122070312,146.14999389648438,146.36000061035156,86326000.0,146.36000061035156
2021-08-19,AAPL,145.02999877929688,148.0,144.5,146.6999969482422,86960300.0,146.6999969482422
2021-08-20,AAPL,147.44000244140625,148.5,146.77999877929688,148.19000244140625,59947400.0,148.19000244140625
2021-08-23,AAPL,148.30999755859375,150.19000244140625,147.88999938964844,149.7100067138672,60131800.0,149.7100067138672
2021-08-24,AAPL,149.4499969482422,150.86000061035156,149.14999389648438,149.6199951171875,48606400.0,149.6199951171875
2021-08-25,AAPL,149.80999755859375,150.32000732421875,147.8000030517578,148.36000061035156,58991300.0,148.36000061035156
2021-08-26,AAPL,148.35000610351562,149.1199951171875,147.50999450683594,147.5399932861328,48597200.0,147.5399932861328
2021-08-27,AAPL,147.47999572753906,148.75,146.8300018310547,148.60000610351562,55721500.0,148.60000610351562
2021-08-30,AAPL,149.0,153.49000549316406,148.61000061035156,153.1199951171875,90956700.0,153.1199951171875
2021-08-31,AAPL,152.66000366210938,152.8000030517578,151.2899932861328,151.8300018310547,86453100.0,151.8300018310547
2021-09-01,AAPL,152.8300018310547,154.97999572753906,152.33999633789062,152.50999450683594,80313700.0,152.50999450683594
2021-09-02,AAPL,153.8699951171875,154.72000122070312,152.39999389648438,153.64999389648438,71115500.0,153.64999389648438
2021-09-03,AAPL,153.75999450683594,154.6300048828125,153.08999633789062,154.3000030517578,57808700.0,154.3000030517578
2021-09-07,AAPL,154.97000122070312,157.25999450683594,154.38999938964844,156.69000244140625,82278300.0,156.69000244140625
2021-09-08,AAPL,156.97999572753906,157.0399932861328,153.97999572753906,155.11000061035156,74420200.0,155.11000061035156
2021-09-09,AAPL,155.49000549316406,156.11000061035156,153.9499969482422,154.07000732421875,57305700.0,154.07000732421875
2021-09-10,AAPL,155.0,155.47999572753906,148.6999969482422,148.97000122070312,140646400.0,148.97000122070312
2021-09-13,AAPL,150.6300048828125,151.4199981689453,148.75,149.5500030517578,102404300.0,149.5500030517578
2021-09-14,AAPL,150.35000610351562,151.07000732421875,146.91000366210938,148.1199951171875,109296300.0,148.1199951171875
2021-09-16,AAPL,148.55999755859375,149.44000244140625,146.3699951171875,149.02999877929688,83281315.0,149.02999877929688
2020-09-16,MSFT,210.6199951171875,210.64999389648438,204.63999938964844,205.0500030517578,26328100.0,203.18556213378906
2020-09-17,MSFT,200.0500030517578,204.3300018310547,199.9600067138672,202.91000366210938,34011300.0,201.06503295898438
2020-09-18,MSFT,202.8000030517578,203.64999389648438,196.25,200.38999938964844,55225300.0,198.5679473876953
2020-09-21,MSFT,197.19000244140625,202.7100067138672,196.3800048828125,202.5399932861328,39839700.0,200.69837951660156
2020-09-22,MSFT,205.05999755859375,208.10000610351562,202.0800018310547,207.4199981689453,33517100.0,205.5340118408203
2020-09-23,MSFT,207.89999389648438,208.10000610351562,200.02999877929688,200.58999633789062,30803800.0,198.76612854003906
2020-09-24,MSFT,199.85000610351562,205.57000732421875,199.1999969482422,203.19000244140625,31202500.0,201.3424835205078
2020-09-25,MSFT,203.5500030517578,209.0399932861328,202.5399932861328,207.82000732421875,29437300.0,205.93038940429688
2020-09-28,MSFT,210.8800048828125,212.57000732421875,208.05999755859375,209.44000244140625,32004900.0,207.53562927246094
2020-09-29,MSFT,209.35000610351562,210.07000732421875,206.80999755859375,207.25999450683594,24221900.0,205.37547302246094
2020-09-30,MSFT,207.72999572753906,211.97999572753906,206.5399932861328,210.3300018310547,33829100.0,208.4175567626953
2020-10-01,MSFT,213.49000549316406,213.99000549316406,211.32000732421875,212.4600067138672,27158400.0,210.5281982421875
2020-10-02,MSFT,208.0,210.99000549316406,205.5399932861328,206.19000244140625,33154800.0,204.31520080566406
2020-10-05,MSFT,207.22000122070312,210.41000366210938,206.97999572753906,210.3800048828125,21331600.0,208.4671173095703
2020-10-06,MSFT,208.82000732421875,210.17999267578125,204.82000732421875,205.91000366210938,28554300.0,204.03773498535156
2020-10-07,MSFT,207.05999755859375,210.11000061035156,206.72000122070312,209.8300018310547,25681100.0,207.922119140625
2020-10-08,MSFT,210.50999450683594,211.19000244140625,208.32000732421875,210.5800018310547,19925800.0,208.66529846191406
2020-10-09,MSFT,211.22999572753906,215.86000061035156,211.22999572753906,215.80999755859375,26458000.0,213.8477325439453
2020-10-12,MSFT,218.7899932861328,223.86000061035156,216.80999755859375,221.39999389648438,40461400.0,219.38690185546875
2020-10-13,MSFT,222.72000122070312,225.2100067138672,220.42999267578125,222.86000061035156,28950800.0,220.8336181640625
2020-10-14,MSFT,223.0,224.22000122070312,219.1300048828125,220.86000061035156,23421700.0,218.851806640625
2020-10-15,MSFT,217.10000610351562,220.36000061035156,216.00999450683594,219.66000366210938,22733100.0,217.66273498535156
2020-10-16,MSFT,220.14999389648438,222.2899932861328,219.32000732421875,219.66000366210938,26057900.0,217.66273498535156
2020-10-19,MSFT,220.4199981689453,222.3000030517578,213.72000122070312,214.22000122070312,27625800.0,212.27220153808594
2020-10-20,MSFT,215.8000030517578,217.3699951171875,213.08999633789062,214.64999389648438,22753500.0,212.69825744628906
2020-10-21,MSFT,213.1199951171875,216.9199981689453,213.1199951171875,214.8000030517578,22724900.0,212.846923828125
2020-10-22,MSFT,213.92999267578125,216.05999755859375,211.6999969482422,214.88999938964844,22351500.0,212.9360809326172
2020-10-23,MSFT,215.02999877929688,216.27999877929688,213.16000366210938,216.22999572753906,18879600.0,214.263916015625
2020-10-26,MSFT,213.85000610351562,216.33999633789062,208.10000610351562,210.0800018310547,37111600.0,208.16983032226562
2020-10-27,MSFT,211.58999633789062,214.6699981689453,210.3300018310547,213.25,36700300.0,211.31100463867188
2020-10-28,MSFT,207.6699981689453,208.83999633789062,202.10000610351562,202.67999267578125,51195600.0,200.83712768554688
2020-10-29,MSFT,204.07000732421875,207.36000061035156,203.3699951171875,204.72000122070312,31432600.0,202.85855102539062
2020-10-30,MSFT,203.5,204.2899932861328,199.6199951171875,202.47000122070312,36953700.0,200.6290283203125
2020-11-02,MSFT,204.2899932861328,205.27999877929688,200.1199951171875,202.3300018310547,30842200.0,200.4903106689453
2020-11-03,MSFT,203.88999938964844,208.1199951171875,203.1199951171875,206.42999267578125,27512000.0,204.55300903320312
2020-11-04,MSFT,214.02000427246094,218.32000732421875,212.4199981689453,216.38999938964844,42311800.0,214.42245483398438
2020-11-05,MSFT,222.0399932861328,224.1199951171875,221.14999389648438,223.2899932861328,36080100.0,221.2597198486328
2020-11-06,MSFT,222.25999450683594,224.36000061035156,218.02999877929688,223.72000122070312,25231900.0,221.68580627441406
2020-11-09,MSFT,224.44000244140625,228.1199951171875,217.8800048828125,218.38999938964844,44395000.0,216.40428161621094
2020-11-10,MSFT,214.5,216.5,209.72000122070312,211.00999450683594,44045100.0,209.0913848876953
2020-11-11,MSFT,212.38999938964844,218.0399932861328,212.1999969482422,216.5500030517578,29440800.0,214.5810089111328
2020-11-12,MSFT,217.2100067138672,219.11000061035156,214.4600067138672,215.44000244140625,21593900.0,213.48109436035156
2020-11-13,MSFT,216.36000061035156,217.4199981689453,214.16000366210938,216.50999450683594,18621100.0,214.54136657714844
2020-11-16,MSFT,214.8699951171875,217.74000549316406,214.52000427246094,217.22999572753906,24953300.0,215.25482177734375
2020-11-17,MSFT,216.10000610351562,217.67999267578125,214.0800018310547,214.4600067138672,24154100.0,212.51002502441406
2020-11-18,MSFT,,,,,,
2020-11-18,MSFT,213.64999389648438,215.1699981689453,210.92999267578125,211.0800018310547,28372800.0,209.7083282470703
2020-11-19,MSFT,211.3800048828125,213.02999877929688,209.92999267578125,212.4199981689453,24792700.0,211.0396270751953
2020-11-20,MSFT,212.1999969482422,213.2899932861328,210.0,210.38999938964844,22843100.0,209.02281188964844
2020-11-23,MSFT,210.9499969482422,212.2899932861328,208.16000366210938,210.11000061035156,25683500.0,208.74462890625
2020-11-24,MSFT,209.58999633789062,214.25,208.86000061035156,213.86000061035156,33979700.0,212.47027587890625
2020-11-25,MSFT,215.11000061035156,215.2899932861328,212.4600067138672,213.8699951171875,21012900.0,212.48020935058594
2020-11-27,MSFT,214.85000610351562,216.27000427246094,214.0399932861328,215.22999572753906,14512200.0,213.83135986328125
2020-11-30,MSFT,214.10000610351562,214.75999450683594,210.83999633789062,214.07000732421875,33064800.0,212.6789093017578
2020-12-01,MSFT,214.50999450683594,217.32000732421875,213.35000610351562,216.2100067138672,30904500.0,214.8050079345703
2020-12-02,MSFT,214.8800048828125,215.47000122070312,212.8000030517578,215.3699951171875,23724500.0,213.97044372558594
2020-12-03,MSFT,214.61000061035156,216.3800048828125,213.64999389648438,214.24000549316406,25120900.0,212.84780883789062
2020-12-04,MSFT,214.22000122070312,215.3800048828125,213.17999267578125,214.36000061035156,24666000.0,212.96702575683594
2020-12-07,MSFT,214.3699951171875,215.5399932861328,212.99000549316406,214.2899932861328,24620000.0,212.8974609375
2020-12-08,MSFT,213.97000122070312,216.9499969482422,212.88999938964844,216.00999450683594,23284100.0,214.60629272460938
2020-12-09,MSFT,215.16000366210938,215.22999572753906,211.2100067138672,211.8000030517578,32440600.0,210.4236602783203
2020-12-10,MSFT,211.77000427246094,213.0800018310547,210.36000061035156,210.52000427246094,26733300.0,209.15196228027344
2020-12-11,MSFT,210.0500030517578,213.32000732421875,209.11000061035156,213.25999450683594,30979400.0,211.87416076660156
2020-12-14,MSFT,213.10000610351562,216.2100067138672,212.8800048828125,214.1999969482422,28798400.0,212.8080596923828
2020-12-15,MSFT,215.1699981689453,215.4199981689453,212.24000549316406,214.1300048828125,27000600.0,212.73851013183594
2020-12-16,MSFT,214.75,220.11000061035156,214.72000122070312,219.27999877929688,35023300.0,217.85504150390625
2020-12-17,MSFT,219.8699951171875,220.88999938964844,217.9199981689453,219.4199981689453,32515800.0,217.994140625
2020-12-18,MSFT,218.58999633789062,219.69000244140625,216.02000427246094,218.58999633789062,63354900.0,217.16952514648438
2020-12-21,MSFT,217.5500030517578,224.0,217.27999877929688,222.58999633789062,37181900.0,221.14352416992188
2020-12-22,MSFT,222.69000244140625,225.6300048828125,221.85000610351562,223.94000244140625,22612200.0,222.48477172851562
2020-12-23,MSFT,223.11000061035156,223.55999755859375,220.8000030517578,221.02000427246094,18699600.0,219.583740234375
2020-12-24,MSFT,221.4199981689453,223.61000061035156,221.1999969482422,222.75,10550600.0,221.302490234375
2020-12-28,MSFT,224.4499969482422,226.02999877929688,223.02000427246094,224.9600067138672,17933500.0,223.49813842773438
2020-12-29,MSFT,226.30999755859375,227.17999267578125,223.5800018310547,224.14999389648438,17403200.0,222.69338989257812
2020-12-30,MSFT,225.22999572753906,225.6300048828125,221.47000122070312,221.67999267578125,20272300.0,220.2394561767578
2020-12-31,MSFT,221.6999969482422,223.0,219.67999267578125,222.4199981689453,20942100.0,220.97463989257812
2021-01-04,MSFT,222.52999877929688,223.0,214.80999755859375,217.69000244140625,37130100.0,216.27537536621094
2021-01-05,MSFT,217.25999450683594,218.52000427246094,215.6999969482422,217.89999389648438,23823000.0,216.4840087890625
2021-01-06,MSFT,212.1699981689453,216.49000549316406,211.94000244140625,212.25,35930700.0,210.8707275390625
2021-01-07,MSFT,214.0399932861328,219.33999633789062,213.7100067138672,218.2899932861328,27694500.0,216.8714599609375
2021-01-08,MSFT,218.67999267578125,220.5800018310547,217.02999877929688,219.6199951171875,22956200.0,218.19284057617188
2021-01-11,MSFT,218.47000122070312,218.91000366210938,216.72999572753906,217.49000549316406,23031300.0,216.07667541503906
2021-01-12,MSFT,216.5,217.10000610351562,213.32000732421875,214.92999267578125,23249300.0,213.53330993652344
2021-01-13,MSFT,214.02000427246094,216.75999450683594,213.92999267578125,216.33999633789062,20087100.0,214.93414306640625
2021-01-14,MSFT,215.91000366210938,217.4600067138672,212.74000549316406,213.02000427246094,29480800.0,211.6357421875
2021-01-15,MSFT,213.52000427246094,214.50999450683594,212.02999877929688,212.64999389648438,31746500.0,211.2681121826172
2021-01-19,MSFT,213.75,216.97999572753906,212.6300048828125,216.44000244140625,30480900.0,215.03350830078125
2021-01-20,MSFT,217.6999969482422,225.7899932861328,217.2899932861328,224.33999633789062,37777300.0,222.88217163085938
2021-01-21,MSFT,224.6999969482422,226.3000030517578,222.4199981689453,224.97000122070312,30709400.0,223.50808715820312
2021-01-22,MSFT,227.0800018310547,230.07000732421875,225.8000030517578,225.9499969482422,30172700.0,224.48170471191406
2021-01-25,MSFT,229.1199951171875,229.77999877929688,224.22000122070312,229.52999877929688,33152100.0,228.0384521484375
2021-01-26,MSFT,231.86000061035156,234.17999267578125,230.0800018310547,232.3300018310547,49169600.0,230.82025146484375
2021-01-27,MSFT,238.0,240.44000244140625,230.13999938964844,232.89999389648438,69870600.0,231.38653564453125
2021-01-28,MSFT,235.61000061035156,242.63999938964844,235.08999633789062,238.92999267578125,49111200.0,237.37734985351562
2021-01-29,MSFT,235.99000549316406,238.02000427246094,231.35000610351562,231.9600067138672,42503100.0,230.45263671875
2021-02-01,MSFT,235.05999755859375,242.5,232.42999267578125,239.64999389648438,33314200.0,238.09266662597656
2021-02-02,MSFT,241.3000030517578,242.30999755859375,238.69000244140625,239.50999450683594,25916300.0,237.95358276367188
2021-02-03,MSFT,239.57000732421875,245.08999633789062,239.25999450683594,243.0,27158100.0,241.42091369628906
2021-02-04,MSFT,242.66000366210938,243.24000549316406,240.3699951171875,242.00999450683594,25296100.0,240.4373321533203
2021-02-05,MSFT,242.22999572753906,243.27999877929688,240.4199981689453,242.1999969482422,18054800.0,240.6260986328125
2021-02-08,MSFT,243.14999389648438,243.67999267578125,240.80999755859375,242.47000122070312,22211900.0,240.89434814453125
2021-02-09,MSFT,241.8699951171875,244.75999450683594,241.3800048828125,243.77000427246094,23565000.0,242.18589782714844
2021-02-10,MSFT,245.0,245.9199981689453,240.88999938964844,242.82000732421875,22186700.0,241.24208068847656
2021-02-11,MSFT,244.77999877929688,245.14999389648438,242.14999389648438,244.49000549316406,15751100.0,242.90121459960938
2021-02-12,MSFT,243.92999267578125,245.3000030517578,242.72999572753906,244.99000549316406,16561100.0,243.39797973632812
2021-02-16,MSFT,245.02999877929688,246.1300048828125,242.9199981689453,243.6999969482422,26728500.0,242.11634826660156
2021-02-17,MSFT,,,,,,
2021-02-17,MSFT,241.32000732421875,244.30999755859375,240.94000244140625,244.1999969482422,21653500.0,243.17189025878906
2021-02-18,MSFT,241.8000030517578,243.92999267578125,240.86000061035156,243.7899932861328,16925600.0,242.76361083984375
2021-02-19,MSFT,243.75,243.86000061035156,240.17999267578125,240.97000122070312,25262600.0,239.9554901123047
2021-02-22,MSFT,237.4199981689453,237.92999267578125,232.39999389648438,234.50999450683594,36446900.0,233.52267456054688
2021-02-23,MSFT,230.3300018310547,234.8300018310547,228.72999572753906,233.27000427246094,30228700.0,232.28790283203125
2021-02-24,MSFT,230.00999450683594,235.1999969482422,229.0,234.5500030517578,26339700.0,233.56251525878906
2021-02-25,MSFT,232.0800018310547,234.58999633789062,227.8800048828125,228.99000549316406,39542200.0,228.0259246826172
2021-02-26,MSFT,231.52999877929688,235.3699951171875,229.5399932861328,232.3800048828125,37819200.0,231.4016571044922
2021-03-01,MSFT,235.89999389648438,237.47000122070312,233.14999389648438,236.94000244140625,25324000.0,235.9424591064453
2021-03-02,MSFT,237.00999450683594,237.3000030517578,233.4499969482422,233.8699951171875,22812500.0,232.8853759765625
2021-03-03,MSFT,232.16000366210938,233.5800018310547,227.25999450683594,227.55999755859375,34029500.0,226.60194396972656
2021-03-04,MSFT,226.74000549316406,232.49000549316406,224.25999450683594,226.72999572753906,44727800.0,225.7754364013672
2021-03-05,MSFT,229.52000427246094,233.27000427246094,226.4600067138672,231.60000610351562,41872800.0,230.62493896484375
2021-03-08,MSFT,231.3699951171875,233.3699951171875,227.1300048828125,227.38999938964844,35267400.0,226.4326629638672
2021-03-09,MSFT,232.8800048828125,235.3800048828125,231.6699981689453,233.77999877929688,33080500.0,232.79574584960938
2021-03-10,MSFT,237.0,237.0,232.0399932861328,232.4199981689453,29746800.0,231.4414825439453
2021-03-11,MSFT,234.9600067138672,239.1699981689453,234.30999755859375,237.1300048828125,29907600.0,236.13165283203125
2021-03-12,MSFT,234.00999450683594,235.82000732421875,233.22999572753906,235.75,22653700.0,234.75746154785156
2021-03-15,MSFT,234.9600067138672,235.19000244140625,231.80999755859375,234.80999755859375,26034900.0,233.8214111328125
2021-03-16,MSFT,236.27999877929688,240.05999755859375,235.94000244140625,237.7100067138672,28092200.0,236.70921325683594
2021-03-17,MSFT,236.14999389648438,238.5500030517578,233.22999572753906,237.0399932861328,29562100.0,236.04202270507812
2021-03-18,MSFT,232.55999755859375,234.19000244140625,230.3300018310547,230.72000122070312,34833000.0,229.74864196777344
2021-03-19,MSFT,231.02000427246094,232.47000122070312,229.35000610351562,230.35000610351562,46430700.0,229.3802032470703
2021-03-22,MSFT,230.27000427246094,236.89999389648438,230.13999938964844,235.99000549316406,30127000.0,234.9964599609375
2021-03-23,MSFT,237.49000549316406,241.0500030517578,237.07000732421875,237.5800018310547,31638400.0,236.57977294921875
2021-03-24,MSFT,237.85000610351562,238.0,235.32000732421875,235.4600067138672,25620100.0,234.46868896484375
2021-03-25,MSFT,235.3000030517578,236.94000244140625,231.57000732421875,232.33999633789062,34061900.0,231.36181640625
2021-03-26,MSFT,231.5500030517578,236.7100067138672,231.5500030517578,236.47999572753906,25479900.0,235.484375
2021-03-29,MSFT,236.58999633789062,236.8000030517578,231.8800048828125,235.24000549316406,25227500.0,234.24961853027344
2021-03-30,MSFT,233.52999877929688,233.85000610351562,231.10000610351562,231.85000610351562,24792000.0,230.87388610839844
2021-03-31,MSFT,232.91000366210938,239.10000610351562,232.38999938964844,235.77000427246094,43623500.0,234.77737426757812
2021-04-01,MSFT,238.47000122070312,242.83999633789062,238.0500030517578,242.35000610351562,30338000.0,241.32968139648438
2021-04-05,MSFT,242.75999450683594,249.9600067138672,242.6999969482422,249.07000732421875,36910600.0,248.02139282226562
2021-04-06,MSFT,247.61000061035156,249.39999389648438,246.8800048828125,247.86000061035156,22931900.0,246.81646728515625
2021-04-07,MSFT,247.80999755859375,250.92999267578125,247.19000244140625,249.89999389648438,22719800.0,248.84788513183594
2021-04-08,MSFT,252.77000427246094,254.13999938964844,252.0,253.25,23625200.0,252.18377685546875
2021-04-09,MSFT,252.8699951171875,255.99000549316406,252.44000244140625,255.85000610351562,24326800.0,254.77284240722656
2021-04-12,MSFT,254.7100067138672,257.6700134277344,254.6199951171875,255.91000366210938,27148700.0,254.83258056640625
2021-04-13,MSFT,257.260009765625,259.19000244140625,256.8299865722656,258.489990234375,23837500.0,257.4017333984375
2021-04-14,MSFT,257.4800109863281,258.8299865722656,255.16000366210938,255.58999633789062,23070900.0,254.51393127441406
2021-04-15,MSFT,257.92999267578125,259.92999267578125,257.7300109863281,259.5,25627500.0,258.407470703125
2021-04-16,MSFT,259.4700012207031,261.0,257.6000061035156,260.739990234375,24878600.0,259.6422424316406
2021-04-19,MSFT,260.19000244140625,261.4800109863281,257.82000732421875,258.739990234375,23209300.0,257.6506652832031
2021-04-20,MSFT,257.82000732421875,260.20001220703125,256.8399963378906,258.260009765625,19722900.0,257.1726989746094
2021-04-21,MSFT,258.94000244140625,260.67999267578125,257.25,260.5799865722656,24030400.0,259.48291015625
2021-04-22,MSFT,260.2099914550781,261.7799987792969,255.63999938964844,257.1700134277344,25606200.0,256.0872802734375
2021-04-23,MSFT,257.8800048828125,261.510009765625,257.2699890136719,261.1499938964844,21462600.0,260.0505065917969
2021-04-26,MSFT,261.6600036621094,262.44000244140625,260.1700134277344,261.54998779296875,19763300.0,260.4488220214844
2021-04-27,MSFT,261.5799865722656,263.19000244140625,260.1199951171875,261.9700012207031,31014200.0,260.8670959472656
2021-04-28,MSFT,256.0799865722656,256.5400085449219,252.9499969482422,254.55999755859375,46903100.0,253.48826599121094
2021-04-29,MSFT,255.4600067138672,256.1000061035156,249.0,252.50999450683594,40589000.0,251.4468994140625
2021-04-30,MSFT,249.74000549316406,253.0800018310547,249.60000610351562,252.17999267578125,30945100.0,251.11827087402344
2021-05-03,MSFT,253.39999389648438,254.35000610351562,251.1199951171875,251.86000061035156,19626600.0,250.7996368408203
2021-05-04,MSFT,250.97000122070312,251.2100067138672,245.75999450683594,247.7899932861328,32756100.0,246.74676513671875
2021-05-05,MSFT,249.05999755859375,249.5,245.82000732421875,246.47000122070312,21901300.0,245.4323272705078
2021-05-06,MSFT,246.4499969482422,249.86000061035156,244.69000244140625,249.72999572753906,26491100.0,248.67860412597656
2021-05-07,MSFT,252.14999389648438,254.3000030517578,251.1699981689453,252.4600067138672,27032900.0,251.39710998535156
2021-05-10,MSFT,250.8699951171875,251.72999572753906,247.1199951171875,247.17999267578125,29299900.0,246.1393280029297
2021-05-11,MSFT,244.5500030517578,246.60000610351562,242.57000732421875,246.22999572753906,33641600.0,245.19332885742188
2021-05-12,MSFT,242.1699981689453,244.3800048828125,238.07000732421875,239.0,36684400.0,237.99378967285156
2021-05-13,MSFT,241.8000030517578,245.60000610351562,241.4199981689453,243.02999877929688,29624300.0,242.00680541992188
2021-05-14,MSFT,245.5800018310547,249.17999267578125,245.49000549316406,248.14999389648438,23901100.0,247.10525512695312
2021-05-17,MSFT,246.5500030517578,246.58999633789062,243.52000427246094,245.17999267578125,24970200.0,244.1477508544922
2021-05-18,MSFT,246.27000427246094,246.41000366210938,242.89999389648438,243.0800018310547,20168000.0,242.05661010742188
2021-05-19,MSFT,,,,,,
2021-05-19,MSFT,239.30999755859375,243.22999572753906,238.60000610351562,243.1199951171875,25739800.0,242.65545654296875
2021-05-20,MSFT,243.9600067138672,247.9499969482422,243.86000061035156,246.47999572753906,21800700.0,246.009033203125
2021-05-21,MSFT,247.57000732421875,248.3300018310547,244.74000549316406,245.1699981689453,21863100.0,244.7015380859375
2021-05-24,MSFT,247.7899932861328,251.16000366210938,247.50999450683594,250.77999877929688,21411500.0,250.3008270263672
2021-05-25,MSFT,251.77000427246094,252.75,250.82000732421875,251.72000122070312,17704300.0,251.23902893066406
2021-05-26,MSFT,251.42999267578125,252.94000244140625,250.75,251.49000549316406,17771600.0,251.0094757080078
2021-05-27,MSFT,251.1699981689453,251.47999572753906,249.25,249.30999755859375,24426200.0,248.83363342285156
2021-05-28,MSFT,251.0,252.0800018310547,249.55999755859375,249.67999267578125,18270200.0,249.20291137695312
2021-06-01,MSFT,251.22999572753906,251.2899932861328,246.9600067138672,247.39999389648438,23213300.0,246.92727661132812
2021-06-02,MSFT,248.1300048828125,249.27000427246094,245.83999633789062,247.3000030517578,19406700.0,246.8274688720703
2021-06-03,MSFT,245.22000122070312,246.33999633789062,243.0,245.7100067138672,25307700.0,245.2405242919922
2021-06-04,MSFT,247.75999450683594,251.64999389648438,247.50999450683594,250.7899932861328,25281100.0,250.310791015625
2021-06-07,MSFT,249.97999572753906,254.08999633789062,249.80999755859375,253.80999755859375,23079200.0,253.3250274658203
2021-06-08,MSFT,255.16000366210938,256.010009765625,252.50999450683594,252.57000732421875,22455000.0,252.08741760253906
2021-06-09,MSFT,253.80999755859375,255.52999877929688,253.2100067138672,253.58999633789062,17937600.0,253.10545349121094
2021-06-10,MSFT,254.2899932861328,257.4599914550781,253.6699981689453,257.239990234375,24563600.0,256.74847412109375
2021-06-11,MSFT,257.989990234375,258.489990234375,256.6099853515625,257.8900146484375,18999700.0,257.3972473144531
2021-06-14,MSFT,257.8999938964844,259.95001220703125,256.79998779296875,259.8900146484375,19150500.0,259.3934326171875
2021-06-15,MSFT,259.7699890136719,259.989990234375,257.67999267578125,258.3599853515625,18038900.0,257.8663330078125
2021-06-16,MSFT,259.3999938964844,260.5799865722656,254.4199981689453,257.3800048828125,27220000.0,256.8882141113281
2021-06-17,MSFT,256.07000732421875,261.75,256.010009765625,260.8999938964844,27565500.0,260.4014892578125
2021-06-18,MSFT,259.6300048828125,262.29998779296875,258.75,259.42999267578125,37202200.0,258.9342956542969
2021-06-21,MSFT,259.82000732421875,263.5199890136719,257.9200134277344,262.6300048828125,26696100.0,262.128173828125
2021-06-22,MSFT,262.7200012207031,265.7900085449219,262.3999938964844,265.510009765625,24694100.0,265.002685546875
2021-06-23,MSFT,265.989990234375,266.8299865722656,264.42999267578125,265.2699890136719,19518700.0,264.76312255859375
2021-06-24,MSFT,266.1600036621094,267.8500061035156,265.4700012207031,266.69000244140625,21446900.0,266.180419921875
2021-06-25,MSFT,266.2300109863281,267.25,264.760009765625,265.0199890136719,25611100.0,264.51361083984375
2021-06-28,MSFT,266.19000244140625,268.8999938964844,265.9100036621094,268.7200012207031,19590000.0,268.20654296875
2021-06-29,MSFT,268.8699951171875,271.6499938964844,267.9800109863281,271.3999938964844,19937800.0,270.88140869140625
2021-06-30,MSFT,270.69000244140625,271.3599853515625,269.6000061035156,270.8999938964844,21656500.0,270.38238525390625
2021-07-01,MSFT,269.6099853515625,271.8399963378906,269.6000061035156,271.6000061035156,16725300.0,271.0810546875
2021-07-02,MSFT,272.82000732421875,278.0,272.5,277.6499938964844,26458000.0,277.1194763183594
2021-07-06,MSFT,278.0299987792969,279.3699951171875,274.29998779296875,277.6600036621094,31565600.0,277.12945556640625
2021-07-07,MSFT,279.3999938964844,280.69000244140625,277.1499938964844,279.92999267578125,23260000.0,279.3951110839844
2021-07-08,MSFT,276.8999938964844,278.7300109863281,274.8699951171875,277.4200134277344,24618600.0,276.8899230957031
2021-07-09,MSFT,275.7200012207031,278.04998779296875,275.32000732421875,277.94000244140625,23916700.0,277.408935546875
2021-07-12,MSFT,279.1600036621094,279.7699890136719,276.5799865722656,277.32000732421875,18931700.0,276.7901306152344
2021-07-13,MSFT,277.5199890136719,282.8500061035156,277.3900146484375,280.9800109863281,26120100.0,280.443115234375
2021-07-14,MSFT,282.3500061035156,283.6600036621094,280.54998779296875,282.510009765625,23113700.0,281.97021484375
2021-07-15,MSFT,282.0,282.510009765625,279.8299865722656,281.0299987792969,22604200.0,280.4930114746094
2021-07-16,MSFT,282.07000732421875,284.1000061035156,279.4599914550781,280.75,26186800.0,280.21356201171875
2021-07-19,MSFT,278.92999267578125,280.3699951171875,274.45001220703125,277.010009765625,32935600.0,276.480712890625
2021-07-20,MSFT,278.0299987792969,280.9700012207031,276.260009765625,279.32000732421875,26259700.0,278.7862854003906
2021-07-21,MSFT,278.8999938964844,281.5199890136719,277.2900085449219,281.3999938964844,24364300.0,280.8623046875
2021-07-22,MSFT,283.8399963378906,286.4200134277344,283.4200134277344,286.1400146484375,23384100.0,285.59326171875
2021-07-23,MSFT,287.3699951171875,289.989990234375,286.5,289.6700134277344,22768100.0,289.11651611328125
2021-07-26,MSFT,289.0,289.69000244140625,286.6400146484375,289.04998779296875,23176100.0,288.4976806640625
2021-07-27,MSFT,289.42999267578125,289.5799865722656,282.95001220703125,286.5400085449219,33604100.0,285.99249267578125
2021-07-28,MSFT,288.989990234375,290.1499938964844,283.8299865722656,286.2200012207031,33566900.0,285.673095703125
2021-07-29,MSFT,286.239990234375,288.6199951171875,286.0799865722656,286.5,18168300.0,285.95257568359375
2021-07-30,MSFT,285.1700134277344,286.6600036621094,283.9100036621094,284.9100036621094,20940900.0,284.3656005859375
2021-08-02,MSFT,286.3599853515625,286.7699890136719,283.739990234375,284.82000732421875,16267400.0,284.2757873535156
2021-08-03,MSFT,285.4200134277344,287.2300109863281,284.0,287.1199951171875,17879000.0,286.5713806152344
2021-08-04,MSFT,286.2200012207031,287.5899963378906,284.6499938964844,286.510009765625,16191300.0,285.9625549316406
2021-08-05,MSFT,286.8800048828125,289.6300048828125,286.1000061035156,289.5199890136719,13900200.0,288.966796875
2021-08-06,MSFT,288.510009765625,289.5,287.6199951171875,289.4599914550781,16585200.0,288.90692138671875
2021-08-09,MSFT,289.75,291.54998779296875,287.80999755859375,288.3299865722656,16117600.0,287.779052734375
2021-08-10,MSFT,288.79998779296875,289.25,285.20001220703125,286.44000244140625,18616600.0,285.8927001953125
2021-08-11,MSFT,287.2099914550781,288.6600036621094,285.8599853515625,286.95001220703125,13955900.0,286.4017333984375
2021-08-12,MSFT,286.6300048828125,289.9700012207031,286.3399963378906,289.80999755859375,14561300.0,289.2562561035156
2021-08-13,MSFT,289.4800109863281,292.8999938964844,289.29998779296875,292.8500061035156,18231400.0,292.2904357910156
2021-08-16,MSFT,293.19000244140625,294.82000732421875,290.0199890136719,294.6000061035156,22507600.0,294.037109375
2021-08-17,MSFT,292.3900146484375,293.42999267578125,291.0799865722656,293.0799865722656,20075300.0,292.5199890136719
2021-08-18,MSFT,,,,,,
2021-08-18,MSFT,292.0400085449219,294.82000732421875,290.2699890136719,290.7300109863281,21813000.0,290.7300109863281
2021-08-19,MSFT,288.69000244140625,297.4700012207031,288.6400146484375,296.7699890136719,29850500.0,296.7699890136719
2021-08-20,MSFT,299.7200012207031,305.8399963378906,298.05999755859375,304.3599853515625,40796100.0,304.3599853515625
2021-08-23,MSFT,303.25,305.3999938964844,301.8500061035156,304.6499938964844,22830200.0,304.6499938964844
2021-08-24,MSFT,305.0199890136719,305.6499938964844,302.0,302.6199951171875,18175800.0,302.6199951171875
2021-08-25,MSFT,304.29998779296875,304.5899963378906,300.4200134277344,302.010009765625,20006100.0,302.010009765625
2021-08-26,MSFT,300.989990234375,302.42999267578125,298.95001220703125,299.0899963378906,17666100.0,299.0899963378906
2021-08-27,MSFT,298.989990234375,300.8699951171875,296.8299865722656,299.7200012207031,22597000.0,299.7200012207031
2021-08-30,MSFT,301.1199951171875,304.2200012207031,301.05999755859375,303.5899963378906,16348100.0,303.5899963378906
2021-08-31,MSFT,304.4200134277344,304.5,301.5,301.8800048828125,26285300.0,301.8800048828125
2021-09-01,MSFT,302.8699951171875,305.19000244140625,301.489990234375,301.8299865722656,18983800.0,301.8299865722656
2021-09-02,MSFT,302.20001220703125,303.3599853515625,300.17999267578125,301.1499938964844,16285600.0,301.1499938964844
2021-09-03,MSFT,300.989990234375,302.6000061035156,300.260009765625,301.1400146484375,14747900.0,301.1400146484375
2021-09-07,MSFT,301.010009765625,301.0899963378906,298.20001220703125,300.17999267578125,17180400.0,300.17999267578125
2021-09-08,MSFT,299.7799987792969,300.6099853515625,297.4700012207031,300.2099914550781,15046800.0,300.2099914550781
2021-09-09,MSFT,300.82000732421875,302.1400146484375,297.0,297.25,19927000.0,297.25
2021-09-10,MSFT,298.4200134277344,299.9200134277344,295.3800048828125,295.7099914550781,19619400.0,295.7099914550781
2021-09-13,MSFT,297.54998779296875,298.5400085449219,294.0799865722656,296.989990234375,23652900.0,296.989990234375
2021-09-14,MSFT,299.55999755859375,301.3900146484375,298.1000061035156,299.7900085449219,21853400.0,299.7900085449219
2021-09-16,MSFT,303.260009765625,305.32000732421875,301.82000732421875,304.82000732421875,28356304.0,304.82000732421875
